{
	"info": {
		"_postman_id": "68e98f19-78aa-410f-ac07-dd10144c019f",
		"name": "desafio_hotelaria",
		"schema": "https://schema.getpostman.com/json/collection/v2.1.0/collection.json",
		"_exporter_id": "16268430"
	},
	"item": [
		{
			"name": "customer-ms",
			"item": [
				{
					"name": "find All",
					"request": {
						"method": "GET",
						"header": [
							{
								"key": "Accept",
								"value": "*/*"
							}
						],
						"url": {
							"raw": "http://localhost:8082/customer-management/api/customer",
							"protocol": "http",
							"host": [
								"localhost"
							],
							"port": "8082",
							"path": [
								"customer-management",
								"api",
								"customer"
							]
						}
					},
					"response": [
						{
							"name": "OK",
							"originalRequest": {
								"method": "GET",
								"header": [
									{
										"key": "Accept",
										"value": "*/*"
									}
								],
								"url": {
									"raw": "{{baseUrl}}/customer",
									"host": [
										"{{baseUrl}}"
									],
									"path": [
										"customer"
									]
								}
							},
							"status": "OK",
							"code": 200,
							"_postman_previewlanguage": "text",
							"header": [
								{
									"key": "Content-Type",
									"value": "*/*"
								}
							],
							"cookie": [],
							"body": "[\n  {\n    \"customerId\": \"<string>\",\n    \"name\": \"<string>\",\n    \"email\": \"<string>\",\n    \"phone\": \"<string>\"\n  },\n  {\n    \"customerId\": \"<string>\",\n    \"name\": \"<string>\",\n    \"email\": \"<string>\",\n    \"phone\": \"<string>\"\n  }\n]"
						}
					]
				},
				{
					"name": "create",
					"request": {
						"method": "POST",
						"header": [
							{
								"key": "Content-Type",
								"value": "application/json"
							},
							{
								"key": "Accept",
								"value": "*/*"
							}
						],
						"body": {
							"mode": "raw",
							"raw": "{\n  \"name\": \"Jose da Silva\",\n  \"phone\": \"25652254\",\n  \"email\": \"Jose@gmail.com\"\n}",
							"options": {
								"raw": {
									"headerFamily": "json",
									"language": "json"
								}
							}
						},
						"url": {
							"raw": "http://localhost:8082/customer-management/api/customer",
							"protocol": "http",
							"host": [
								"localhost"
							],
							"port": "8082",
							"path": [
								"customer-management",
								"api",
								"customer"
							]
						}
					},
					"response": [
						{
							"name": "OK",
							"originalRequest": {
								"method": "POST",
								"header": [
									{
										"key": "Content-Type",
										"value": "application/json"
									},
									{
										"key": "Accept",
										"value": "*/*"
									}
								],
								"body": {
									"mode": "raw",
									"raw": "{\n  \"idCustomer\": \"<string>\",\n  \"name\": \"<string>\",\n  \"email\": \"<string>\",\n  \"password\": \"T\\\\xEE~\",\n  \"phone\": \"<string>\"\n}",
									"options": {
										"raw": {
											"headerFamily": "json",
											"language": "json"
										}
									}
								},
								"url": {
									"raw": "{{baseUrl}}/customer",
									"host": [
										"{{baseUrl}}"
									],
									"path": [
										"customer"
									]
								}
							},
							"status": "OK",
							"code": 200,
							"_postman_previewlanguage": "text",
							"header": [
								{
									"key": "Content-Type",
									"value": "*/*"
								}
							],
							"cookie": [],
							"body": "{\n  \"customerId\": \"<string>\",\n  \"name\": \"<string>\",\n  \"email\": \"<string>\",\n  \"phone\": \"<string>\"\n}"
						}
					]
				},
				{
					"name": "update",
					"request": {
						"method": "PUT",
						"header": [
							{
								"key": "Content-Type",
								"value": "application/json"
							},
							{
								"key": "Accept",
								"value": "*/*"
							}
						],
						"body": {
							"mode": "raw",
							"raw": "{\n   \"idCustomer\": \"e3cbeddb-079a-4275-a810-e1b4789edacf\",\n    \"name\": \"Jose da Silva\",\n    \"email\": \"Jose@gmail.com\",\n    \"phone\": \"55544445665555\"\n}",
							"options": {
								"raw": {
									"headerFamily": "json",
									"language": "json"
								}
							}
						},
						"url": {
							"raw": "http://localhost:8082/customer-management/api/customer/:idCustomer",
							"protocol": "http",
							"host": [
								"localhost"
							],
							"port": "8082",
							"path": [
								"customer-management",
								"api",
								"customer",
								":idCustomer"
							],
							"variable": [
								{
									"key": "idCustomer"
								}
							]
						}
					},
					"response": [
						{
							"name": "OK",
							"originalRequest": {
								"method": "PUT",
								"header": [
									{
										"key": "Content-Type",
										"value": "application/json"
									},
									{
										"key": "Accept",
										"value": "*/*"
									}
								],
								"body": {
									"mode": "raw",
									"raw": "{\n  \"idCustomer\": \"<string>\",\n  \"name\": \"<string>\",\n  \"email\": \"<string>\",\n  \"password\": \"T\\\\xEE~\",\n  \"phone\": \"<string>\"\n}",
									"options": {
										"raw": {
											"headerFamily": "json",
											"language": "json"
										}
									}
								},
								"url": {
									"raw": "{{baseUrl}}/customer/:idCustomer",
									"host": [
										"{{baseUrl}}"
									],
									"path": [
										"customer",
										":idCustomer"
									],
									"variable": [
										{
											"key": "idCustomer"
										}
									]
								}
							},
							"status": "OK",
							"code": 200,
							"_postman_previewlanguage": "text",
							"header": [
								{
									"key": "Content-Type",
									"value": "*/*"
								}
							],
							"cookie": [],
							"body": "{\n  \"customerId\": \"<string>\",\n  \"name\": \"<string>\",\n  \"email\": \"<string>\",\n  \"phone\": \"<string>\"\n}"
						}
					]
				},
				{
					"name": "delete",
					"request": {
						"method": "DELETE",
						"header": [
							{
								"key": "Accept",
								"value": "*/*"
							}
						],
						"url": {
							"raw": "http://localhost:8082/customer-management/api/customer/:idCustomer",
							"protocol": "http",
							"host": [
								"localhost"
							],
							"port": "8082",
							"path": [
								"customer-management",
								"api",
								"customer",
								":idCustomer"
							],
							"variable": [
								{
									"key": "idCustomer",
									"value": "null",
									"description": "(Required) "
								}
							]
						}
					},
					"response": [
						{
							"name": "OK",
							"originalRequest": {
								"method": "DELETE",
								"header": [
									{
										"key": "Accept",
										"value": "*/*"
									}
								],
								"url": {
									"raw": "{{baseUrl}}/customer/:idCustomer",
									"host": [
										"{{baseUrl}}"
									],
									"path": [
										"customer",
										":idCustomer"
									],
									"variable": [
										{
											"key": "idCustomer"
										}
									]
								}
							},
							"status": "OK",
							"code": 200,
							"_postman_previewlanguage": "text",
							"header": [
								{
									"key": "Content-Type",
									"value": "*/*"
								}
							],
							"cookie": [],
							"body": "[\n  {\n    \"customerId\": \"<string>\",\n    \"name\": \"<string>\",\n    \"email\": \"<string>\",\n    \"phone\": \"<string>\"\n  },\n  {\n    \"customerId\": \"<string>\",\n    \"name\": \"<string>\",\n    \"email\": \"<string>\",\n    \"phone\": \"<string>\"\n  }\n]"
						}
					]
				},
				{
					"name": "findById",
					"request": {
						"method": "GET",
						"header": [],
						"url": {
							"raw": "http://localhost:8082/customer-management/api/customer/:idCustomer",
							"protocol": "http",
							"host": [
								"localhost"
							],
							"port": "8082",
							"path": [
								"customer-management",
								"api",
								"customer",
								":idCustomer"
							],
							"variable": [
								{
									"key": "idCustomer",
									"value": "27145ce6-5cf4-485d-a722-217b1d4a9934"
								}
							]
						}
					},
					"response": []
				}
			]
		},
		{
			"name": "hotel-ms",
			"item": [
				{
					"name": "hotels",
					"item": [
						{
							"name": "findAll",
							"request": {
								"method": "GET",
								"header": [
									{
										"key": "Accept",
										"value": "*/*"
									}
								],
								"url": {
									"raw": "http://localhost:8080/hotel-management/api/hotels",
									"protocol": "http",
									"host": [
										"localhost"
									],
									"port": "8080",
									"path": [
										"hotel-management",
										"api",
										"hotels"
									]
								}
							},
							"response": [
								{
									"name": "OK",
									"originalRequest": {
										"method": "GET",
										"header": [
											{
												"key": "Accept",
												"value": "*/*"
											}
										],
										"url": {
											"raw": "{{baseUrl}}/hotels",
											"host": [
												"{{baseUrl}}"
											],
											"path": [
												"hotels"
											]
										}
									},
									"status": "OK",
									"code": 200,
									"_postman_previewlanguage": "text",
									"header": [
										{
											"key": "Content-Type",
											"value": "*/*"
										}
									],
									"cookie": [],
									"body": "[\n  {\n    \"id\": \"<uuid>\",\n    \"name\": \"<string>\",\n    \"location\": \"<string>\",\n    \"rating\": \"<double>\",\n    \"description\": \"<string>\",\n    \"amenities\": \"<string>\",\n    \"rooms\": [\n      {\n        \"id\": \"<uuid>\",\n        \"type\": \"<string>\",\n        \"pricePerNight\": \"<number>\",\n        \"amenities\": \"<string>\",\n        \"numberOfGuests\": \"<integer>\",\n        \"roomAvailability\": [\n          {\n            \"dateAvailability\": \"<date>\",\n            \"isAvailability\": \"<boolean>\"\n          },\n          {\n            \"dateAvailability\": \"<date>\",\n            \"isAvailability\": \"<boolean>\"\n          }\n        ]\n      },\n      {\n        \"id\": \"<uuid>\",\n        \"type\": \"<string>\",\n        \"pricePerNight\": \"<number>\",\n        \"amenities\": \"<string>\",\n        \"numberOfGuests\": \"<integer>\",\n        \"roomAvailability\": [\n          {\n            \"dateAvailability\": \"<date>\",\n            \"isAvailability\": \"<boolean>\"\n          },\n          {\n            \"dateAvailability\": \"<date>\",\n            \"isAvailability\": \"<boolean>\"\n          }\n        ]\n      }\n    ]\n  },\n  {\n    \"id\": \"<uuid>\",\n    \"name\": \"<string>\",\n    \"location\": \"<string>\",\n    \"rating\": \"<double>\",\n    \"description\": \"<string>\",\n    \"amenities\": \"<string>\",\n    \"rooms\": [\n      {\n        \"id\": \"<uuid>\",\n        \"type\": \"<string>\",\n        \"pricePerNight\": \"<number>\",\n        \"amenities\": \"<string>\",\n        \"numberOfGuests\": \"<integer>\",\n        \"roomAvailability\": [\n          {\n            \"dateAvailability\": \"<date>\",\n            \"isAvailability\": \"<boolean>\"\n          },\n          {\n            \"dateAvailability\": \"<date>\",\n            \"isAvailability\": \"<boolean>\"\n          }\n        ]\n      },\n      {\n        \"id\": \"<uuid>\",\n        \"type\": \"<string>\",\n        \"pricePerNight\": \"<number>\",\n        \"amenities\": \"<string>\",\n        \"numberOfGuests\": \"<integer>\",\n        \"roomAvailability\": [\n          {\n            \"dateAvailability\": \"<date>\",\n            \"isAvailability\": \"<boolean>\"\n          },\n          {\n            \"dateAvailability\": \"<date>\",\n            \"isAvailability\": \"<boolean>\"\n          }\n        ]\n      }\n    ]\n  }\n]"
								},
								{
									"name": "Internal Server Error",
									"originalRequest": {
										"method": "GET",
										"header": [
											{
												"key": "Accept",
												"value": "*/*"
											}
										],
										"url": {
											"raw": "{{baseUrl}}/hotels",
											"host": [
												"{{baseUrl}}"
											],
											"path": [
												"hotels"
											]
										}
									},
									"status": "Internal Server Error",
									"code": 500,
									"_postman_previewlanguage": "text",
									"header": [
										{
											"key": "Content-Type",
											"value": "*/*"
										}
									],
									"cookie": [],
									"body": "{\n  \"detail\": \"<string>\",\n  \"message\": \"<string>\"\n}"
								}
							]
						},
						{
							"name": "add Hotel",
							"request": {
								"method": "POST",
								"header": [
									{
										"key": "Content-Type",
										"value": "application/json"
									},
									{
										"key": "Accept",
										"value": "*/*"
									}
								],
								"body": {
									"mode": "raw",
									"raw": "{\n    \"name\": \"Hotel Mar do Norte\",\n    \"location\": \"Natal, Rio Grande do Norte\",\n    \"description\": \"Hotel à beira-mar com vista para as dunas e as águas cristalinas de Natal.\",\n    \"amenities\": \"Piscina, Restaurante, Serviço de quarto, Estacionamento gratuito\",\n    \"rating\": 9.8\n}",
									"options": {
										"raw": {
											"headerFamily": "json",
											"language": "json"
										}
									}
								},
								"url": {
									"raw": "http://localhost:8080/hotel-management/api/hotels",
									"protocol": "http",
									"host": [
										"localhost"
									],
									"port": "8080",
									"path": [
										"hotel-management",
										"api",
										"hotels"
									]
								}
							},
							"response": [
								{
									"name": "OK",
									"originalRequest": {
										"method": "POST",
										"header": [
											{
												"key": "Content-Type",
												"value": "application/json"
											},
											{
												"key": "Accept",
												"value": "*/*"
											}
										],
										"body": {
											"mode": "raw",
											"raw": "{\n  \"id\": \"<uuid>\",\n  \"name\": \"<string>\",\n  \"location\": \"<string>\",\n  \"description\": \"<string>\",\n  \"amenities\": \"<string>\",\n  \"rating\": \"<double>\",\n  \"rooms\": [\n    {\n      \"type\": \"<string>\",\n      \"pricePerNight\": \"<number>\",\n      \"amenities\": \"<string>\",\n      \"numberOfGuests\": \"<integer>\",\n      \"roomAvailabilityRequestDtoList\": [\n        {\n          \"date\": \"<date>\",\n          \"available\": \"<boolean>\"\n        },\n        {\n          \"date\": \"<date>\",\n          \"available\": \"<boolean>\"\n        }\n      ]\n    },\n    {\n      \"type\": \"<string>\",\n      \"pricePerNight\": \"<number>\",\n      \"amenities\": \"<string>\",\n      \"numberOfGuests\": \"<integer>\",\n      \"roomAvailabilityRequestDtoList\": [\n        {\n          \"date\": \"<date>\",\n          \"available\": \"<boolean>\"\n        },\n        {\n          \"date\": \"<date>\",\n          \"available\": \"<boolean>\"\n        }\n      ]\n    }\n  ]\n}",
											"options": {
												"raw": {
													"headerFamily": "json",
													"language": "json"
												}
											}
										},
										"url": {
											"raw": "{{baseUrl}}/hotels",
											"host": [
												"{{baseUrl}}"
											],
											"path": [
												"hotels"
											]
										}
									},
									"status": "OK",
									"code": 200,
									"_postman_previewlanguage": "text",
									"header": [
										{
											"key": "Content-Type",
											"value": "*/*"
										}
									],
									"cookie": [],
									"body": "{\n  \"id\": \"<uuid>\",\n  \"name\": \"<string>\",\n  \"location\": \"<string>\",\n  \"rating\": \"<double>\",\n  \"description\": \"<string>\",\n  \"amenities\": \"<string>\",\n  \"rooms\": [\n    {\n      \"value\": \"<Circular reference to #/components/schemas/Room detected>\"\n    },\n    {\n      \"value\": \"<Circular reference to #/components/schemas/Room detected>\"\n    }\n  ]\n}"
								},
								{
									"name": "Internal Server Error",
									"originalRequest": {
										"method": "POST",
										"header": [
											{
												"key": "Content-Type",
												"value": "application/json"
											},
											{
												"key": "Accept",
												"value": "*/*"
											}
										],
										"body": {
											"mode": "raw",
											"raw": "{\n  \"id\": \"<uuid>\",\n  \"name\": \"<string>\",\n  \"location\": \"<string>\",\n  \"description\": \"<string>\",\n  \"amenities\": \"<string>\",\n  \"rating\": \"<double>\",\n  \"rooms\": [\n    {\n      \"type\": \"<string>\",\n      \"pricePerNight\": \"<number>\",\n      \"amenities\": \"<string>\",\n      \"numberOfGuests\": \"<integer>\",\n      \"roomAvailabilityRequestDtoList\": [\n        {\n          \"date\": \"<date>\",\n          \"available\": \"<boolean>\"\n        },\n        {\n          \"date\": \"<date>\",\n          \"available\": \"<boolean>\"\n        }\n      ]\n    },\n    {\n      \"type\": \"<string>\",\n      \"pricePerNight\": \"<number>\",\n      \"amenities\": \"<string>\",\n      \"numberOfGuests\": \"<integer>\",\n      \"roomAvailabilityRequestDtoList\": [\n        {\n          \"date\": \"<date>\",\n          \"available\": \"<boolean>\"\n        },\n        {\n          \"date\": \"<date>\",\n          \"available\": \"<boolean>\"\n        }\n      ]\n    }\n  ]\n}",
											"options": {
												"raw": {
													"headerFamily": "json",
													"language": "json"
												}
											}
										},
										"url": {
											"raw": "{{baseUrl}}/hotels",
											"host": [
												"{{baseUrl}}"
											],
											"path": [
												"hotels"
											]
										}
									},
									"status": "Internal Server Error",
									"code": 500,
									"_postman_previewlanguage": "text",
									"header": [
										{
											"key": "Content-Type",
											"value": "*/*"
										}
									],
									"cookie": [],
									"body": "{\n  \"detail\": \"<string>\",\n  \"message\": \"<string>\"\n}"
								}
							]
						},
						{
							"name": "find By Id",
							"request": {
								"method": "GET",
								"header": [
									{
										"key": "Accept",
										"value": "*/*"
									}
								],
								"url": {
									"raw": "http://localhost:8080/hotel-management/api/hotels/:id",
									"protocol": "http",
									"host": [
										"localhost"
									],
									"port": "8080",
									"path": [
										"hotel-management",
										"api",
										"hotels",
										":id"
									],
									"variable": [
										{
											"key": "id",
											"value": "ca341327-6986-477d-ac09-f024e1f4a792",
											"description": "(Required) "
										}
									]
								}
							},
							"response": [
								{
									"name": "OK",
									"originalRequest": {
										"method": "GET",
										"header": [
											{
												"key": "Accept",
												"value": "*/*"
											}
										],
										"url": {
											"raw": "{{baseUrl}}/hotels/:id",
											"host": [
												"{{baseUrl}}"
											],
											"path": [
												"hotels",
												":id"
											],
											"variable": [
												{
													"key": "id"
												}
											]
										}
									},
									"status": "OK",
									"code": 200,
									"_postman_previewlanguage": "text",
									"header": [
										{
											"key": "Content-Type",
											"value": "*/*"
										}
									],
									"cookie": [],
									"body": "{\n  \"id\": \"<uuid>\",\n  \"name\": \"<string>\",\n  \"location\": \"<string>\",\n  \"rating\": \"<double>\",\n  \"description\": \"<string>\",\n  \"amenities\": \"<string>\",\n  \"rooms\": [\n    {\n      \"id\": \"<uuid>\",\n      \"type\": \"<string>\",\n      \"pricePerNight\": \"<number>\",\n      \"amenities\": \"<string>\",\n      \"numberOfGuests\": \"<integer>\",\n      \"roomAvailability\": [\n        {\n          \"dateAvailability\": \"<date>\",\n          \"isAvailability\": \"<boolean>\"\n        },\n        {\n          \"dateAvailability\": \"<date>\",\n          \"isAvailability\": \"<boolean>\"\n        }\n      ]\n    },\n    {\n      \"id\": \"<uuid>\",\n      \"type\": \"<string>\",\n      \"pricePerNight\": \"<number>\",\n      \"amenities\": \"<string>\",\n      \"numberOfGuests\": \"<integer>\",\n      \"roomAvailability\": [\n        {\n          \"dateAvailability\": \"<date>\",\n          \"isAvailability\": \"<boolean>\"\n        },\n        {\n          \"dateAvailability\": \"<date>\",\n          \"isAvailability\": \"<boolean>\"\n        }\n      ]\n    }\n  ]\n}"
								},
								{
									"name": "Internal Server Error",
									"originalRequest": {
										"method": "GET",
										"header": [
											{
												"key": "Accept",
												"value": "*/*"
											}
										],
										"url": {
											"raw": "{{baseUrl}}/hotels/:id",
											"host": [
												"{{baseUrl}}"
											],
											"path": [
												"hotels",
												":id"
											],
											"variable": [
												{
													"key": "id"
												}
											]
										}
									},
									"status": "Internal Server Error",
									"code": 500,
									"_postman_previewlanguage": "text",
									"header": [
										{
											"key": "Content-Type",
											"value": "*/*"
										}
									],
									"cookie": [],
									"body": "{\n  \"detail\": \"<string>\",\n  \"message\": \"<string>\"\n}"
								}
							]
						},
						{
							"name": "search Hotels",
							"request": {
								"method": "GET",
								"header": [
									{
										"key": "Accept",
										"value": "*/*"
									}
								],
								"url": {
									"raw": "http://localhost:8080/hotel-management/api/hotels/search?destination=natal&checkInDate=2024-01-01&checkOutDate=2024-12-30&rooms=1&guests=1",
									"protocol": "http",
									"host": [
										"localhost"
									],
									"port": "8080",
									"path": [
										"hotel-management",
										"api",
										"hotels",
										"search"
									],
									"query": [
										{
											"key": "destination",
											"value": "natal"
										},
										{
											"key": "checkInDate",
											"value": "2024-01-01"
										},
										{
											"key": "checkOutDate",
											"value": "2024-12-30"
										},
										{
											"key": "rooms",
											"value": "1"
										},
										{
											"key": "guests",
											"value": "1"
										}
									]
								}
							},
							"response": [
								{
									"name": "OK",
									"originalRequest": {
										"method": "GET",
										"header": [
											{
												"key": "Accept",
												"value": "*/*"
											}
										],
										"url": {
											"raw": "{{baseUrl}}/hotels/search?destination=<string>&checkInDate=<string>&checkOutDate=<string>&rooms=<integer>&guests=<integer>",
											"host": [
												"{{baseUrl}}"
											],
											"path": [
												"hotels",
												"search"
											],
											"query": [
												{
													"key": "destination",
													"value": "<string>"
												},
												{
													"key": "checkInDate",
													"value": "<string>"
												},
												{
													"key": "checkOutDate",
													"value": "<string>"
												},
												{
													"key": "rooms",
													"value": "<integer>"
												},
												{
													"key": "guests",
													"value": "<integer>"
												}
											]
										}
									},
									"status": "OK",
									"code": 200,
									"_postman_previewlanguage": "text",
									"header": [
										{
											"key": "Content-Type",
											"value": "*/*"
										}
									],
									"cookie": [],
									"body": "[\n  {\n    \"id\": \"<uuid>\",\n    \"name\": \"<string>\",\n    \"location\": \"<string>\",\n    \"rating\": \"<double>\",\n    \"description\": \"<string>\",\n    \"amenities\": \"<string>\",\n    \"rooms\": [\n      {\n        \"id\": \"<uuid>\",\n        \"type\": \"<string>\",\n        \"pricePerNight\": \"<number>\",\n        \"amenities\": \"<string>\",\n        \"numberOfGuests\": \"<integer>\",\n        \"roomAvailability\": [\n          {\n            \"dateAvailability\": \"<date>\",\n            \"isAvailability\": \"<boolean>\"\n          },\n          {\n            \"dateAvailability\": \"<date>\",\n            \"isAvailability\": \"<boolean>\"\n          }\n        ]\n      },\n      {\n        \"id\": \"<uuid>\",\n        \"type\": \"<string>\",\n        \"pricePerNight\": \"<number>\",\n        \"amenities\": \"<string>\",\n        \"numberOfGuests\": \"<integer>\",\n        \"roomAvailability\": [\n          {\n            \"dateAvailability\": \"<date>\",\n            \"isAvailability\": \"<boolean>\"\n          },\n          {\n            \"dateAvailability\": \"<date>\",\n            \"isAvailability\": \"<boolean>\"\n          }\n        ]\n      }\n    ]\n  },\n  {\n    \"id\": \"<uuid>\",\n    \"name\": \"<string>\",\n    \"location\": \"<string>\",\n    \"rating\": \"<double>\",\n    \"description\": \"<string>\",\n    \"amenities\": \"<string>\",\n    \"rooms\": [\n      {\n        \"id\": \"<uuid>\",\n        \"type\": \"<string>\",\n        \"pricePerNight\": \"<number>\",\n        \"amenities\": \"<string>\",\n        \"numberOfGuests\": \"<integer>\",\n        \"roomAvailability\": [\n          {\n            \"dateAvailability\": \"<date>\",\n            \"isAvailability\": \"<boolean>\"\n          },\n          {\n            \"dateAvailability\": \"<date>\",\n            \"isAvailability\": \"<boolean>\"\n          }\n        ]\n      },\n      {\n        \"id\": \"<uuid>\",\n        \"type\": \"<string>\",\n        \"pricePerNight\": \"<number>\",\n        \"amenities\": \"<string>\",\n        \"numberOfGuests\": \"<integer>\",\n        \"roomAvailability\": [\n          {\n            \"dateAvailability\": \"<date>\",\n            \"isAvailability\": \"<boolean>\"\n          },\n          {\n            \"dateAvailability\": \"<date>\",\n            \"isAvailability\": \"<boolean>\"\n          }\n        ]\n      }\n    ]\n  }\n]"
								},
								{
									"name": "Internal Server Error",
									"originalRequest": {
										"method": "GET",
										"header": [
											{
												"key": "Accept",
												"value": "*/*"
											}
										],
										"url": {
											"raw": "{{baseUrl}}/hotels/search?destination=<string>&checkInDate=<string>&checkOutDate=<string>&rooms=<integer>&guests=<integer>",
											"host": [
												"{{baseUrl}}"
											],
											"path": [
												"hotels",
												"search"
											],
											"query": [
												{
													"key": "destination",
													"value": "<string>"
												},
												{
													"key": "checkInDate",
													"value": "<string>"
												},
												{
													"key": "checkOutDate",
													"value": "<string>"
												},
												{
													"key": "rooms",
													"value": "<integer>"
												},
												{
													"key": "guests",
													"value": "<integer>"
												}
											]
										}
									},
									"status": "Internal Server Error",
									"code": 500,
									"_postman_previewlanguage": "text",
									"header": [
										{
											"key": "Content-Type",
											"value": "*/*"
										}
									],
									"cookie": [],
									"body": "{\n  \"detail\": \"<string>\",\n  \"message\": \"<string>\"\n}"
								}
							]
						},
						{
							"name": "compare Hotels",
							"request": {
								"method": "GET",
								"header": [
									{
										"key": "Accept",
										"value": "*/*"
									}
								],
								"url": {
									"raw": "http://localhost:8080/hotel-management/api/hotels/compare?location=Natal&maxPrice=1000.00&minRating=1&amenities=piscina",
									"protocol": "http",
									"host": [
										"localhost"
									],
									"port": "8080",
									"path": [
										"hotel-management",
										"api",
										"hotels",
										"compare"
									],
									"query": [
										{
											"key": "location",
											"value": "Natal",
											"description": "(Required) "
										},
										{
											"key": "maxPrice",
											"value": "1000.00"
										},
										{
											"key": "minRating",
											"value": "1"
										},
										{
											"key": "amenities",
											"value": "piscina"
										}
									]
								}
							},
							"response": [
								{
									"name": "OK",
									"originalRequest": {
										"method": "GET",
										"header": [
											{
												"key": "Accept",
												"value": "*/*"
											}
										],
										"url": {
											"raw": "{{baseUrl}}/hotels/compare?location=<string>&maxPrice=<number>&minRating=<integer>&amenities=<string>",
											"host": [
												"{{baseUrl}}"
											],
											"path": [
												"hotels",
												"compare"
											],
											"query": [
												{
													"key": "location",
													"value": "<string>",
													"description": "(Required) "
												},
												{
													"key": "maxPrice",
													"value": "<number>"
												},
												{
													"key": "minRating",
													"value": "<integer>"
												},
												{
													"key": "amenities",
													"value": "<string>"
												}
											]
										}
									},
									"status": "OK",
									"code": 200,
									"_postman_previewlanguage": "text",
									"header": [
										{
											"key": "Content-Type",
											"value": "*/*"
										}
									],
									"cookie": [],
									"body": "[\n  {\n    \"id\": \"<uuid>\",\n    \"name\": \"<string>\",\n    \"location\": \"<string>\",\n    \"rating\": \"<double>\",\n    \"description\": \"<string>\",\n    \"amenities\": \"<string>\",\n    \"rooms\": [\n      {\n        \"id\": \"<uuid>\",\n        \"type\": \"<string>\",\n        \"pricePerNight\": \"<number>\",\n        \"amenities\": \"<string>\",\n        \"numberOfGuests\": \"<integer>\",\n        \"roomAvailability\": [\n          {\n            \"dateAvailability\": \"<date>\",\n            \"isAvailability\": \"<boolean>\"\n          },\n          {\n            \"dateAvailability\": \"<date>\",\n            \"isAvailability\": \"<boolean>\"\n          }\n        ]\n      },\n      {\n        \"id\": \"<uuid>\",\n        \"type\": \"<string>\",\n        \"pricePerNight\": \"<number>\",\n        \"amenities\": \"<string>\",\n        \"numberOfGuests\": \"<integer>\",\n        \"roomAvailability\": [\n          {\n            \"dateAvailability\": \"<date>\",\n            \"isAvailability\": \"<boolean>\"\n          },\n          {\n            \"dateAvailability\": \"<date>\",\n            \"isAvailability\": \"<boolean>\"\n          }\n        ]\n      }\n    ]\n  },\n  {\n    \"id\": \"<uuid>\",\n    \"name\": \"<string>\",\n    \"location\": \"<string>\",\n    \"rating\": \"<double>\",\n    \"description\": \"<string>\",\n    \"amenities\": \"<string>\",\n    \"rooms\": [\n      {\n        \"id\": \"<uuid>\",\n        \"type\": \"<string>\",\n        \"pricePerNight\": \"<number>\",\n        \"amenities\": \"<string>\",\n        \"numberOfGuests\": \"<integer>\",\n        \"roomAvailability\": [\n          {\n            \"dateAvailability\": \"<date>\",\n            \"isAvailability\": \"<boolean>\"\n          },\n          {\n            \"dateAvailability\": \"<date>\",\n            \"isAvailability\": \"<boolean>\"\n          }\n        ]\n      },\n      {\n        \"id\": \"<uuid>\",\n        \"type\": \"<string>\",\n        \"pricePerNight\": \"<number>\",\n        \"amenities\": \"<string>\",\n        \"numberOfGuests\": \"<integer>\",\n        \"roomAvailability\": [\n          {\n            \"dateAvailability\": \"<date>\",\n            \"isAvailability\": \"<boolean>\"\n          },\n          {\n            \"dateAvailability\": \"<date>\",\n            \"isAvailability\": \"<boolean>\"\n          }\n        ]\n      }\n    ]\n  }\n]"
								},
								{
									"name": "Internal Server Error",
									"originalRequest": {
										"method": "GET",
										"header": [
											{
												"key": "Accept",
												"value": "*/*"
											}
										],
										"url": {
											"raw": "{{baseUrl}}/hotels/compare?location=<string>&maxPrice=<number>&minRating=<integer>&amenities=<string>",
											"host": [
												"{{baseUrl}}"
											],
											"path": [
												"hotels",
												"compare"
											],
											"query": [
												{
													"key": "location",
													"value": "<string>",
													"description": "(Required) "
												},
												{
													"key": "maxPrice",
													"value": "<number>"
												},
												{
													"key": "minRating",
													"value": "<integer>"
												},
												{
													"key": "amenities",
													"value": "<string>"
												}
											]
										}
									},
									"status": "Internal Server Error",
									"code": 500,
									"_postman_previewlanguage": "text",
									"header": [
										{
											"key": "Content-Type",
											"value": "*/*"
										}
									],
									"cookie": [],
									"body": "{\n  \"detail\": \"<string>\",\n  \"message\": \"<string>\"\n}"
								}
							]
						}
					]
				},
				{
					"name": "rooms",
					"item": [
						{
							"name": "add Room",
							"request": {
								"method": "POST",
								"header": [
									{
										"key": "Content-Type",
										"value": "application/json"
									},
									{
										"key": "Accept",
										"value": "*/*"
									}
								],
								"body": {
									"mode": "raw",
									"raw": "{\n  \"type\": \"Premium\",\n  \"pricePerNight\": 650.00,\n  \"amenities\": \"Cama Knig Size, Ar Condicionado, Banheira, Sauna\",\n  \"numberOfGuests\": \"6\",\n  \"roomAvailabilityRequestDtoList\": [\n    {\n      \"date\": \"2024-09-10\",\n      \"available\": \"True\"\n    },\n    {\n      \"date\": \"2024-08-01\",\n      \"available\": \"True\"\n    }\n  ]\n}",
									"options": {
										"raw": {
											"headerFamily": "json",
											"language": "json"
										}
									}
								},
								"url": {
									"raw": "http://localhost:8080/hotel-management/api/rooms?hotelId=392984c5-a5bc-45b5-b2fd-ef8541b416e7",
									"protocol": "http",
									"host": [
										"localhost"
									],
									"port": "8080",
									"path": [
										"hotel-management",
										"api",
										"rooms"
									],
									"query": [
										{
											"key": "hotelId",
											"value": "392984c5-a5bc-45b5-b2fd-ef8541b416e7",
											"description": "(Required) "
										}
									]
								}
							},
							"response": []
						}
					]
				},
				{
					"name": "reservations",
					"item": [
						{
							"name": "reserve Room",
							"request": {
								"method": "POST",
								"header": [
									{
										"key": "Content-Type",
										"value": "application/json"
									},
									{
										"key": "Accept",
										"value": "*/*"
									}
								],
								"body": {
									"mode": "raw",
									"raw": "{\n  \"hotelId\": \"ca341327-6986-477d-ac09-f024e1f4a792\",\n  \"roomId\": \"545ed316-b9f1-4779-b685-a81ae10670f5\",\n  \"checkInDate\": \"2024-09-10\",\n  \"checkOutDate\": \"2024-09-12\",\n  \"customerId\": \"1abb4def-02a3-4733-90f9-25d24cf42ec1\",\n  \"paymentDetails\": {\n    \"cardNumber\": \"1111-1111-1111-1111\",\n    \"cardHolderName\": \"CardMock\",\n    \"expirationDate\": \"05-2028\",\n    \"cvv\": \"123\"\n  }\n}",
									"options": {
										"raw": {
											"headerFamily": "json",
											"language": "json"
										}
									}
								},
								"url": {
									"raw": "{{baseUrl}}/reservations",
									"host": [
										"{{baseUrl}}"
									],
									"path": [
										"reservations"
									]
								}
							},
							"response": []
						},
						{
							"name": "findAll",
							"request": {
								"method": "GET",
								"header": [],
								"url": {
									"raw": "{{baseUrl}}/reservations",
									"host": [
										"{{baseUrl}}"
									],
									"path": [
										"reservations"
									]
								}
							},
							"response": []
						}
					]
				}
			]
		},
		{
			"name": "review-ms",
			"item": [
				{
					"name": "getAllReviews",
					"request": {
						"method": "GET",
						"header": [
							{
								"key": "Accept",
								"value": "*/*"
							}
						],
						"url": {
							"raw": "http://localhost:8085/review-management/api/reviews",
							"protocol": "http",
							"host": [
								"localhost"
							],
							"port": "8085",
							"path": [
								"review-management",
								"api",
								"reviews"
							]
						}
					},
					"response": [
						{
							"name": "OK",
							"originalRequest": {
								"method": "GET",
								"header": [
									{
										"key": "Accept",
										"value": "*/*"
									}
								],
								"url": {
									"raw": "{{baseUrl}}/reviews",
									"host": [
										"{{baseUrl}}"
									],
									"path": [
										"reviews"
									]
								}
							},
							"status": "OK",
							"code": 200,
							"_postman_previewlanguage": "text",
							"header": [
								{
									"key": "Content-Type",
									"value": "*/*"
								}
							],
							"cookie": [],
							"body": "[\n  {\n    \"id\": \"<string>\",\n    \"hotelId\": \"<string>\",\n    \"userId\": \"<string>\",\n    \"comment\": \"<string>\",\n    \"rating\": \"<integer>\",\n    \"reviewDate\": \"<dateTime>\"\n  },\n  {\n    \"id\": \"<string>\",\n    \"hotelId\": \"<string>\",\n    \"userId\": \"<string>\",\n    \"comment\": \"<string>\",\n    \"rating\": \"<integer>\",\n    \"reviewDate\": \"<dateTime>\"\n  }\n]"
						}
					]
				},
				{
					"name": "createReview",
					"request": {
						"method": "POST",
						"header": [
							{
								"key": "Content-Type",
								"value": "application/json"
							},
							{
								"key": "Accept",
								"value": "*/*"
							}
						],
						"body": {
							"mode": "raw",
							"raw": "{\n  \"hotelId\": \"ca341327-6986-477d-ac09-f024e1f4a792\",\n  \"userId\": \"1abb4def-02a3-4733-90f9-25d24cf42ec1\",\n  \"comment\": \"Ótima experiência com toda a minha família, retornarei o quanto antes.\",\n  \"rating\": 10.0\n}",
							"options": {
								"raw": {
									"headerFamily": "json",
									"language": "json"
								}
							}
						},
						"url": {
							"raw": "http://localhost:8085/review-management/api/reviews",
							"protocol": "http",
							"host": [
								"localhost"
							],
							"port": "8085",
							"path": [
								"review-management",
								"api",
								"reviews"
							]
						}
					},
					"response": [
						{
							"name": "OK",
							"originalRequest": {
								"method": "POST",
								"header": [
									{
										"key": "Content-Type",
										"value": "application/json"
									},
									{
										"key": "Accept",
										"value": "*/*"
									}
								],
								"body": {
									"mode": "raw",
									"raw": "{\n  \"hotelId\": \"<string>\",\n  \"userId\": \"<string>\",\n  \"comment\": \"<string>\",\n  \"rating\": \"<integer>\"\n}",
									"options": {
										"raw": {
											"headerFamily": "json",
											"language": "json"
										}
									}
								},
								"url": {
									"raw": "{{baseUrl}}/reviews",
									"host": [
										"{{baseUrl}}"
									],
									"path": [
										"reviews"
									]
								}
							},
							"status": "OK",
							"code": 200,
							"_postman_previewlanguage": "text",
							"header": [
								{
									"key": "Content-Type",
									"value": "*/*"
								}
							],
							"cookie": [],
							"body": "{}"
						}
					]
				},
				{
					"name": "get Reviews By Hotel",
					"request": {
						"method": "GET",
						"header": [
							{
								"key": "Accept",
								"value": "*/*"
							}
						],
						"url": {
							"raw": "http://localhost:8085/review-management/api/reviews/:hotelId",
							"protocol": "http",
							"host": [
								"localhost"
							],
							"port": "8085",
							"path": [
								"review-management",
								"api",
								"reviews",
								":hotelId"
							],
							"variable": [
								{
									"key": "hotelId",
									"value": "558e4cbb-60d2-46ed-8b42-1cff83f59d37"
								}
							]
						}
					},
					"response": [
						{
							"name": "OK",
							"originalRequest": {
								"method": "GET",
								"header": [
									{
										"key": "Accept",
										"value": "*/*"
									}
								],
								"url": {
									"raw": "{{baseUrl}}/reviews/:hotelId",
									"host": [
										"{{baseUrl}}"
									],
									"path": [
										"reviews",
										":hotelId"
									],
									"variable": [
										{
											"key": "hotelId"
										}
									]
								}
							},
							"status": "OK",
							"code": 200,
							"_postman_previewlanguage": "text",
							"header": [
								{
									"key": "Content-Type",
									"value": "*/*"
								}
							],
							"cookie": [],
							"body": "[\n  {\n    \"id\": \"<string>\",\n    \"hotelId\": \"<string>\",\n    \"userId\": \"<string>\",\n    \"comment\": \"<string>\",\n    \"rating\": \"<integer>\",\n    \"reviewDate\": \"<dateTime>\"\n  },\n  {\n    \"id\": \"<string>\",\n    \"hotelId\": \"<string>\",\n    \"userId\": \"<string>\",\n    \"comment\": \"<string>\",\n    \"rating\": \"<integer>\",\n    \"reviewDate\": \"<dateTime>\"\n  }\n]"
						}
					]
				}
			]
		}
	]
}